,START TIME YEAR,START TIME MONTH,TRIP DURATION
0,2016,7,117.6
1,2016,8,7.133333333333333
2,2016,9,119.025
3,2016,10,25.145833333333332
4,2016,11,4.783333333333333
