,START TIME YEAR,START TIME MONTH,DISTANCE_Miles
0,2016,7,1.0707286702410557
1,2016,8,0.2817059781637386
2,2016,9,5.738746048504664
3,2016,10,2.624994140645143
4,2016,11,0.5634119563274772
