,START TIME YEAR,DISTANCE_Miles,DISTANCE_Miles
AGE_GROUP,,40 - 49,50 - 65
,,,
0,2016,3.4252676316443065,0.5634119563274772
