,START TIME YEAR,START TIME MONTH,TRIP DURATION
0,2016,6,11.856666666666667
1,2016,7,29.04022038567492
2,2016,8,18.796153846153853
3,2016,9,13.072191011235955
4,2016,10,8.2661877394636
5,2016,11,8.562011173184354
6,2016,12,7.282323232323232
