,START TIME YEAR,START TIME MONTH,DISTANCE_Miles
0,2016,6,1.5616564801716033
1,2016,7,1.3633511160974567
2,2016,8,1.1601814939310824
3,2016,9,1.0912539596827318
4,2016,10,0.8605795088457344
5,2016,11,0.905092903379243
6,2016,12,0.776533477669388
