,START TIME YEAR,START TIME MONTH,TRIP DURATION
0,2016,6,67.425
1,2016,7,721.2833333333333
2,2016,8,64.9
3,2016,9,77.47857142857141
4,2016,10,7.683333333333334
5,2016,11,32.37916666666666
