,START TIME YEAR,START TIME MONTH,TRIP DURATION
0,2016,6,24.565
1,2016,7,20.569937106918232
2,2016,8,8.919335705812573
3,2016,9,8.327572016460902
4,2016,10,9.584247538677916
5,2016,11,6.691884057971012
6,2016,12,6.932795698924731
