,START TIME YEAR,START TIME MONTH,DISTANCE_Miles
0,2016,6,0.7789747654315209
1,2016,7,0.6592735492095176
2,2016,8,0.6918120413357208
3,2016,9,0.7047725382526786
4,2016,10,0.7531388448702101
5,2016,11,0.6391447101013035
6,2016,12,0.679316768004166
