,START TIME YEAR,DISTANCE_Miles,DISTANCE_Miles,DISTANCE_Miles,DISTANCE_Miles,DISTANCE_Miles,DISTANCE_Miles
AGE_GROUP,,0 - 18,19 - 29,30 - 39,40 - 49,50 - 65,65+
,,,,,,,
0,2016,38.93882317263911,264.1897462493767,292.83032261074635,57.20649182358675,71.45171142698577,15.63790065303907
