,START TIME YEAR,START TIME MONTH,TRIP DURATION
0,2016,6,12.876190476190477
1,2016,7,43.39
2,2016,8,14.324358974358972
3,2016,9,52.66833333333334
4,2016,10,10.803333333333333
5,2016,11,15.15
6,2016,12,8.575
