,START TIME YEAR,START TIME MONTH,TRIP DURATION
0,2016,6,93.2282828282828
1,2016,7,11.982051282051284
2,2016,8,14.953611111111114
3,2016,9,9.036805555555556
4,2016,10,13.466666666666667
5,2016,11,14.838333333333333
6,2016,12,9.35
