,START TIME YEAR,START TIME MONTH,DISTANCE_Miles
0,2016,6,1.0454076780848014
1,2016,7,1.0641284387713472
2,2016,8,1.0225886425796724
3,2016,9,0.7321584153158699
4,2016,10,1.206964284751438
5,2016,11,1.7008620253719253
6,2016,12,0.5940217979751719
