,START TIME YEAR,DISTANCE_Miles,DISTANCE_Miles
AGE_GROUP,,30 - 39,40 - 49
,,,
0,2016,163.90133639235736,15.582501318506758
