,START TIME YEAR,START TIME MONTH,TRIP DURATION
0,2016,6,18.102083333333333
1,2016,7,28.651041666666664
2,2016,8,17.435135135135134
3,2016,9,38.61182795698924
4,2016,10,19.501515151515154
5,2016,11,21.175
6,2016,12,17.1537037037037
