,START TIME YEAR,START TIME MONTH,DISTANCE_Miles
0,2016,6,2.2422517756312823
1,2016,7,3.269389929519619
2,2016,8,2.275720473130136
3,2016,9,2.804124800524689
4,2016,10,2.4131548410132155
5,2016,11,2.7541989964158247
6,2016,12,2.094870539648058
