,START TIME YEAR,START TIME MONTH,TRIP DURATION
0,2016,6,20.1
1,2016,7,19.103921568627445
2,2016,8,13.283333333333333
3,2016,9,34.47555555555555
4,2016,10,12.8875
5,2016,11,14.695833333333333
6,2016,12,13.304166666666667
