,START TIME YEAR,START TIME MONTH,DISTANCE_Miles
0,2016,6,0.46064899514503793
1,2016,7,1.0842875147756539
2,2016,8,1.6043554994732496
3,2016,9,1.3831215399951826
4,2016,10,1.7662732228491786
5,2016,11,1.10880594471803
6,2016,12,1.794001773107817
