,START TIME YEAR,DISTANCE_Miles,DISTANCE_Miles
AGE_GROUP,,19 - 29,40 - 49
,,,
0,2016,4.6738069145260575,64.69060007189987
