,START TIME YEAR,START TIME MONTH,TRIP DURATION
0,2016,6,20.003333333333334
1,2016,7,26.084375
2,2016,8,42.425
3,2016,9,277.975
4,2016,10,27.49285714285714
