,START TIME YEAR,START TIME MONTH,TRIP DURATION
0,2016,7,17.583333333333336
1,2016,8,25.740624999999994
2,2016,9,9.611111111111112
3,2016,10,13.71111111111111
4,2016,11,8.483333333333333
