,START TIME YEAR,START TIME MONTH,DISTANCE_Miles
0,2016,7,1.8524056437030567
1,2016,8,0.8437286170507011
2,2016,9,0.6998715677930664
3,2016,10,0.8220224660475068
4,2016,11,0.8450571760734157
