,START TIME YEAR,START TIME MONTH,TRIP DURATION
0,2016,7,28.90833333333333
1,2016,8,14.891176470588237
2,2016,9,16.89166666666667
3,2016,10,17.576923076923077
4,2016,11,13.91388888888889
