,START TIME YEAR,START TIME MONTH,DISTANCE_Miles
0,2016,7,0.2725393698321143
1,2016,8,0.6512693718710636
2,2016,9,0.9435664496611132
3,2016,10,0.9330994038813613
4,2016,11,0.7351107772281473
