,START TIME YEAR,DISTANCE_Miles,DISTANCE_Miles,DISTANCE_Miles
AGE_GROUP,,19 - 29,30 - 39,50 - 65
,,,,
0,2016,6.888038227806792,2.503422361740394,32.7923703926403
