,START TIME YEAR,DISTANCE_Miles,DISTANCE_Miles,DISTANCE_Miles,DISTANCE_Miles
AGE_GROUP,,19 - 29,30 - 39,40 - 49,50 - 65
,,,,,
0,2016,36.01427266765042,18.21991249513089,6.788256868828828,9.237296844546078
