,START TIME YEAR,START TIME MONTH,TRIP DURATION
0,2016,8,27.59444444444445
1,2016,9,22.674999999999997
