,START TIME YEAR,START TIME MONTH,DISTANCE_Miles
0,2016,8,0.8976909995438207
1,2016,9,0.9035689894133581
