,START TIME YEAR,START TIME MONTH,TRIP DURATION
0,2016,6,15.202380952380953
1,2016,7,16.45806451612904
2,2016,8,8.645454545454543
3,2016,9,8.59010600706714
4,2016,10,7.5477642276422765
5,2016,11,7.275246548323473
6,2016,12,5.946250000000001
