,START TIME YEAR,START TIME MONTH,TRIP DURATION
0,2016,8,24.266666666666666
1,2016,9,23.054166666666667
2,2016,10,38.1
3,2016,12,518.8333333333334
