,START TIME YEAR,START TIME MONTH,DISTANCE_Miles
0,2016,8,1.5406008819310264
1,2016,9,0.8260703649014933
2,2016,10,1.2111716665011303
3,2016,12,0.0
