,START TIME YEAR,DISTANCE_Miles,DISTANCE_Miles
AGE_GROUP,,19 - 29,50 - 65
,,,
0,2016,3.09251589530466,1.680135678703996
