,START TIME YEAR,START TIME MONTH,TRIP DURATION
0,2016,8,23.195
1,2016,9,86.29411764705883
2,2016,10,78.83076923076922
3,2016,12,18.6
