,START TIME YEAR,START TIME MONTH,DISTANCE_Miles
0,2016,8,1.7646958333992477
1,2016,9,1.690203688503298
2,2016,10,1.639297915430212
3,2016,12,2.09359635032992
