,START TIME YEAR,START TIME MONTH,TRIP DURATION
0,2016,7,11.222222222222221
1,2016,8,36.338821138211394
2,2016,9,31.433072916666667
3,2016,10,12.534782608695652
4,2016,11,21.13095238095238
