,START TIME YEAR,START TIME MONTH,DISTANCE_Miles
0,2016,7,1.0239526502943703
1,2016,8,1.129080562537744
2,2016,9,1.254825475328316
3,2016,10,1.0266671638281246
4,2016,11,0.9530106548408552
