,START TIME YEAR,START TIME MONTH,DISTANCE_Miles
0,2016,6,1.1486961720227395
1,2016,7,2.590753452451981
2,2016,8,1.326073807263539
3,2016,9,0.8946686406712544
4,2016,10,1.130776180701615
5,2016,11,1.0373630845683877
6,2016,12,0.8244680547040306
