,START TIME YEAR,DISTANCE_Miles,DISTANCE_Miles,DISTANCE_Miles,DISTANCE_Miles,DISTANCE_Miles
AGE_GROUP,,19 - 29,30 - 39,40 - 49,50 - 65,65+
,,,,,,
0,2016,36.19844264823689,269.97552158216104,68.45357720084145,73.31411059598476,8.403763251272231
