,START TIME YEAR,START TIME MONTH,TRIP DURATION
0,2016,6,13.627272727272727
1,2016,7,19.310077519379842
2,2016,8,12.745070422535212
3,2016,9,29.47083333333334
4,2016,10,12.680000000000003
5,2016,11,15.541666666666666
6,2016,12,5.325641025641025
