,START TIME YEAR,START TIME MONTH,DISTANCE_Miles
0,2016,6,1.5201871467404828
1,2016,7,0.7841292786522394
2,2016,8,0.9928719958292858
3,2016,9,0.7122148165481319
4,2016,10,1.6379419985816013
5,2016,11,1.4826963800907687
6,2016,12,0.5116519346025206
