,START TIME YEAR,START TIME MONTH,TRIP DURATION
0,2016,7,23.011842105263163
1,2016,8,11.562578616352205
2,2016,9,16.134679089026914
3,2016,10,9.148742138364785
4,2016,11,7.642836879432623
5,2016,12,7.4650485436893215
