,START TIME YEAR,START TIME MONTH,DISTANCE_Miles
0,2016,7,1.2010131097315178
1,2016,8,1.1697266646185815
2,2016,9,1.2319714951701102
3,2016,10,0.9687403684526473
4,2016,11,0.8904431471309389
5,2016,12,0.9335823757189237
