,START TIME YEAR,DISTANCE_Miles,DISTANCE_Miles,DISTANCE_Miles,DISTANCE_Miles,DISTANCE_Miles
AGE_GROUP,,0 - 18,19 - 29,30 - 39,40 - 49,50 - 65
,,,,,,
0,2016,6.892853177332455,413.79705731512814,454.9120392263297,116.60212384227677,90.44064593756812
