,START TIME YEAR,START TIME MONTH,TRIP DURATION
0,2016,6,16.372222222222224
1,2016,7,60.58245614035087
2,2016,8,32.012962962962966
3,2016,9,36.581481481481475
4,2016,10,18.4984126984127
5,2016,11,15.351041666666669
6,2016,12,21.53888888888889
