,START TIME YEAR,DISTANCE_Miles,DISTANCE_Miles,DISTANCE_Miles,DISTANCE_Miles
AGE_GROUP,,19 - 29,30 - 39,40 - 49,50 - 65
,,,,,
0,2016,74.09306287927828,25.72209907946584,13.41379845156024,9.894303964469547
