,START TIME YEAR,DISTANCE_Miles,DISTANCE_Miles,DISTANCE_Miles,DISTANCE_Miles,DISTANCE_Miles
AGE_GROUP,,19 - 29,30 - 39,40 - 49,50 - 65,65+
,,,,,,
0,2013,67.01508508494936,61.47637059137231,35.04938044128921,10.75317809211686,
1,2014,326.35971226158716,340.71322876068643,229.13315557943596,129.57814135889348,
2,2015,483.73427907206303,513.4637972876199,29.57429817736367,149.1237954311098,0.25967803455943084
3,2016,194.6077442851152,1042.0510086752731,18.16624768568859,121.15892689421649,8.98251419848464
