,START TIME YEAR,START TIME MONTH,TRIP DURATION
0,2016,7,95.94166666666666
1,2016,8,36.63854166666666
2,2016,9,33.30333333333334
3,2016,10,10.954999999999998
4,2016,11,7.9944444444444445
