,START TIME YEAR,START TIME MONTH,DISTANCE_Miles
0,2016,7,0.8724851878367424
1,2016,8,0.8165681228142996
2,2016,9,0.7891461335627005
3,2016,10,1.1862680978557387
4,2016,11,1.0376623286001447
