,START TIME YEAR,DISTANCE_Miles,DISTANCE_Miles
AGE_GROUP,,19 - 29,30 - 39
,,,
0,2016,14.774468940409228,5.25851251907024
