,START TIME YEAR,START TIME MONTH,DISTANCE_Miles
0,2016,7,2.1101448147046025
1,2016,8,1.4140670554439498
2,2016,9,1.8647213131883371
3,2016,10,1.4226551598073731
4,2016,11,1.2295702888445392
5,2016,12,1.294808134724625
