,START TIME YEAR,START TIME MONTH,TRIP DURATION
0,2016,8,1033.5
1,2016,9,9.6625
2,2016,10,6.922222222222222
3,2016,11,7.116666666666667
4,2016,12,8.35
