,START TIME YEAR,START TIME MONTH,TRIP DURATION
0,2016,7,15.582298136645957
1,2016,8,12.292483660130719
2,2016,9,14.50800744878957
3,2016,10,11.969417475728157
4,2016,11,11.603630363036304
5,2016,12,11.206060606060607
