,START TIME YEAR,START TIME MONTH,TRIP DURATION
0,2016,7,27.181666666666672
1,2016,8,31.339583333333334
2,2016,9,18.680000000000003
