,START TIME YEAR,START TIME MONTH,DISTANCE_Miles
0,2016,7,1.4673108596154762
1,2016,8,0.860339695667998
2,2016,9,0.8005225075993467
