,START TIME YEAR,DISTANCE_Miles,DISTANCE_Miles
AGE_GROUP,,19 - 29,30 - 39
,,,
0,2016,8.769829830352633,16.010450151986934
