,START TIME YEAR,START TIME MONTH,DISTANCE_Miles
0,2016,6,2.4622460719225674
1,2016,7,0.84989446118265
2,2016,8,0.7159412293963957
3,2016,9,0.7395642605312788
4,2016,10,0.6808748160829721
5,2016,11,0.6354873389602165
6,2016,12,0.5745949404324129
