,START TIME YEAR,DISTANCE_Miles,DISTANCE_Miles,DISTANCE_Miles,DISTANCE_Miles,DISTANCE_Miles,DISTANCE_Miles
AGE_GROUP,,0 - 18,19 - 29,30 - 39,40 - 49,50 - 65,65+
,,,,,,,
0,2016,19.819514253864345,299.72517041060206,511.98955756030216,326.09050576016585,322.4091394275007,7.59183101264159
