,START TIME YEAR,START TIME MONTH,TRIP DURATION
0,2016,7,40.5625
1,2016,8,33.089393939393936
2,2016,9,30.0025641025641
3,2016,10,27.62291666666667
4,2016,11,13.86923076923077
