,START TIME YEAR,START TIME MONTH,TRIP DURATION
0,2016,7,18.9886605783866
1,2016,8,17.11417525773197
2,2016,9,13.588041431261763
3,2016,10,14.489999999999998
4,2016,11,12.000246913580243
5,2016,12,11.670218579234975
