,START TIME YEAR,START TIME MONTH,DISTANCE_Miles
0,2016,7,1.4746919105109644
1,2016,8,1.193926423766319
2,2016,9,1.286279159577707
3,2016,10,1.1437968096050655
4,2016,11,1.317732825462845
5,2016,12,1.3991721044860608
