,START TIME YEAR,START TIME MONTH,TRIP DURATION
0,2016,6,104.2
1,2016,7,14.029687500000001
2,2016,8,62.385714285714286
3,2016,9,32.044444444444444
4,2016,10,26.040740740740745
5,2016,12,3.5666666666666664
