,START TIME YEAR,START TIME MONTH,DISTANCE_Miles
0,2016,6,0.4749832498863411
1,2016,7,0.7151318010695484
2,2016,8,1.1148388469629678
3,2016,9,1.3650734639974176
4,2016,10,1.2428031512191315
5,2016,12,0.40621104806619546
