,START TIME YEAR,START TIME MONTH,TRIP DURATION
0,2016,6,62.771428571428565
1,2016,7,36.126241134751766
2,2016,8,73.05365853658535
3,2016,9,25.700505050505054
4,2016,10,17.58555555555556
5,2016,11,16.783333333333335
6,2016,12,12.225
