,START TIME YEAR,DISTANCE_Miles,DISTANCE_Miles,DISTANCE_Miles,DISTANCE_Miles
AGE_GROUP,,19 - 29,30 - 39,40 - 49,50 - 65
,,,,,
0,2015,109.1310446175479,353.3140269055999,213.68451490117727,825.9577357018749
1,2016,898.9127143631061,1383.3425528645867,293.6962215595596,840.8246547782211
