,START TIME YEAR,START TIME MONTH,DISTANCE_Miles
0,2016,6,1.2268157912844875
1,2016,7,1.0622481529217611
2,2016,8,1.3610105305230251
3,2016,9,1.0201777710546656
4,2016,10,0.91215813722178
5,2016,11,2.1744676675076033
