,START TIME YEAR,START TIME MONTH,TRIP DURATION
0,2016,6,17.379761904761903
1,2016,7,12.507246376811592
2,2016,8,11.974242424242417
3,2016,9,22.730645161290322
4,2016,10,17.636666666666663
5,2016,11,8.243333333333334
6,2016,12,7.248809523809522
