,START TIME YEAR,START TIME MONTH,DISTANCE_Miles
0,2016,6,1.4553544799791427
1,2016,7,0.9065397448444251
2,2016,8,1.1123997981261415
3,2016,9,1.5085037232826208
4,2016,10,1.4701169014213755
5,2016,11,1.053700188114946
6,2016,12,0.7495849794966345
