,START TIME YEAR,START TIME MONTH,DISTANCE_Miles
0,2016,7,1.326511479020511
1,2016,8,0.9624501537750196
2,2016,9,1.0108970910010182
3,2016,10,1.0342391770412322
4,2016,11,0.9144244851891248
5,2016,12,0.7419713964686909
