,START TIME YEAR,DISTANCE_Miles,DISTANCE_Miles,DISTANCE_Miles,DISTANCE_Miles,DISTANCE_Miles,DISTANCE_Miles
AGE_GROUP,,0 - 18,19 - 29,30 - 39,40 - 49,50 - 65,65+
,,,,,,,
0,2016,1.6497261221833714,363.7158943756418,599.7193578101543,131.6270806414826,171.8028454120395,9.097691891536224
