,START TIME YEAR,START TIME MONTH,TRIP DURATION
0,2016,8,12.56875
1,2016,9,12.166666666666666
