,START TIME YEAR,START TIME MONTH,DISTANCE_Miles
0,2016,8,1.0994867929719612
1,2016,9,1.096339711236448
