,START TIME YEAR,DISTANCE_Miles,DISTANCE_Miles
AGE_GROUP,,19 - 29,30 - 39
,,,
0,2016,1.096339711236448,4.191592420902561
