,START TIME YEAR,START TIME MONTH,TRIP DURATION
0,2016,7,31.473423423423412
1,2016,8,17.746712018140588
2,2016,9,14.190519877675841
3,2016,10,16.972284644194765
4,2016,11,12.035507246376813
5,2016,12,14.621138211382112
