,START TIME YEAR,DISTANCE_Miles,DISTANCE_Miles,DISTANCE_Miles,DISTANCE_Miles
AGE_GROUP,,19 - 29,30 - 39,40 - 49,50 - 65
,,,,,
0,2015,45.797463750018885,25.177929536189225,,0.6632187187476928
1,2016,14.458722289278565,14.681881092421143,4.64885053754576,1.577242359330218
