,START TIME YEAR,START TIME MONTH,TRIP DURATION
0,2016,7,27.831122448979595
1,2016,8,20.14645941278067
2,2016,9,10.9570219966159
3,2016,10,7.008673469387752
4,2016,11,7.686827956989247
5,2016,12,5.437777777777779
