,START TIME YEAR,START TIME MONTH,DISTANCE_Miles
0,2016,7,1.195656304631191
1,2016,8,1.065132151113908
2,2016,9,0.8130812438366947
3,2016,10,0.6553900867758518
4,2016,11,0.6284368329026812
5,2016,12,0.532109072098867
