,START TIME YEAR,START TIME MONTH,TRIP DURATION
0,2016,6,2.7666666666666666
1,2016,7,24.75457875457877
2,2016,8,14.137258064516123
3,2016,9,14.686847389558224
4,2016,10,10.611505922165826
5,2016,11,11.90761154855643
6,2016,12,8.650666666666666
