,START TIME YEAR,START TIME MONTH,DISTANCE_Miles
0,2016,6,0.0
1,2016,7,1.4774788264502643
2,2016,8,1.1087632219355583
3,2016,9,1.094567685414947
4,2016,10,0.962993704896519
5,2016,11,0.956190313009362
6,2016,12,0.9213998691969352
