,START TIME YEAR,START TIME MONTH,TRIP DURATION
0,2016,6,26.059999999999995
1,2016,7,38.380303030303025
2,2016,8,187.625
3,2016,9,23.3025641025641
4,2016,10,21.677192982456138
5,2016,11,23.8
