,START TIME YEAR,START TIME MONTH,DISTANCE_Miles
0,2016,6,2.0336978947052993
1,2016,7,1.972877198480775
2,2016,8,1.8843295929618553
3,2016,9,3.080996486805211
4,2016,10,2.9470697370259287
5,2016,11,2.8739905873316536
