,START TIME YEAR,START TIME MONTH,DISTANCE_Miles
0,2016,6,1.893231859797818
1,2016,7,2.3027434549619765
2,2016,8,2.2999133932071247
3,2016,9,2.1185651904251874
4,2016,10,2.1034719425533748
5,2016,11,2.4184517958263294
6,2016,12,2.4760579677095405
