,START TIME YEAR,START TIME MONTH,TRIP DURATION
0,2016,6,18.77857142857143
1,2016,7,19.30169082125605
2,2016,8,16.996842650103527
3,2016,9,16.712409812409806
4,2016,10,13.232074074074074
5,2016,11,10.89080882352941
6,2016,12,7.667619047619048
