,START TIME YEAR,START TIME MONTH,DISTANCE_Miles
0,2016,6,1.163450027838761
1,2016,7,0.9635531842489795
2,2016,8,0.6896470613296443
3,2016,9,0.6827603267811416
4,2016,10,0.6176950641685338
5,2016,11,0.6690896352565611
6,2016,12,0.6846869485032913
