,START TIME YEAR,START TIME MONTH,DISTANCE_Miles
0,2016,7,3.971493378096236
1,2016,8,1.639724007530861
2,2016,9,1.2136500972197324
