,START TIME YEAR,DISTANCE_Miles,DISTANCE_Miles,DISTANCE_Miles,DISTANCE_Miles
AGE_GROUP,,30 - 39,40 - 49,50 - 65,65+
,,,,,
0,2016,9.385036669409464,0.5444974035028591,3.291047816126567,0.5444974035028591
