,START TIME YEAR,START TIME MONTH,TRIP DURATION
0,2016,6,67.60535714285713
1,2016,7,30.69333333333334
2,2016,8,34.59083333333333
3,2016,9,28.73888888888889
4,2016,10,24.679166666666667
