,START TIME YEAR,START TIME MONTH,DISTANCE_Miles
0,2016,6,0.9345575800544553
1,2016,7,1.051710156832814
2,2016,8,1.6062852124517941
3,2016,9,2.2171524449165756
4,2016,10,1.5171915762724995
