,START TIME YEAR,START TIME MONTH,DISTANCE_Miles
0,2016,7,1.0956096575671994
1,2016,8,0.9929050396051803
2,2016,9,1.0496902389314988
3,2016,10,0.9883311413519498
4,2016,11,1.1473831530723577
5,2016,12,0.9033393694771492
