,START TIME YEAR,START TIME MONTH,TRIP DURATION
0,2016,6,18.541666666666668
1,2016,7,208.0583333333333
2,2016,8,35.5437984496124
3,2016,9,9.799999999999999
4,2016,10,8.010416666666666
5,2016,11,10.483333333333334
