,START TIME YEAR,START TIME MONTH,DISTANCE_Miles
0,2016,6,1.9643811314934145
1,2016,7,2.421303474486356
2,2016,8,0.8459931677013599
3,2016,9,0.6056384408453169
4,2016,10,0.8119631238465466
5,2016,11,0.6760400711008104
