,START TIME YEAR,DISTANCE_Miles,DISTANCE_Miles,DISTANCE_Miles
AGE_GROUP,,19 - 29,30 - 39,50 - 65
,,,,
0,2016,21.79991301539779,3.8395174592810113,43.40863455302304
