,START TIME YEAR,START TIME MONTH,TRIP DURATION
0,2016,6,5.0
1,2016,7,28.13148148148148
2,2016,8,19.633333333333333
3,2016,9,37.016666666666666
4,2016,10,33.644444444444446
5,2016,11,17.016666666666666
