,START TIME YEAR,START TIME MONTH,DISTANCE_Miles
0,2016,6,0.5617321281983497
1,2016,7,2.9909009678894463
2,2016,8,1.453010356279386
3,2016,9,2.7711289756878656
4,2016,10,3.894760825074954
5,2016,11,1.3793098103583894
