,START TIME YEAR,DISTANCE_Miles,DISTANCE_Miles,DISTANCE_Miles
AGE_GROUP,,19 - 29,30 - 39,50 - 65
,,,,
0,2016,2.285790666802893,8.921185209897423,39.69538713075317
