,START TIME YEAR,START TIME MONTH,TRIP DURATION
0,2016,6,41.319270833333334
1,2016,7,40.071666666666665
2,2016,8,34.804802259887
3,2016,9,25.241666666666664
4,2016,10,31.82333333333333
5,2016,11,16.79333333333333
6,2016,12,10.25
