,START TIME YEAR,START TIME MONTH,DISTANCE_Miles
0,2016,6,1.5524002487462838
1,2016,7,1.5204136133245265
2,2016,8,1.6695247559057829
3,2016,9,2.244745057207006
4,2016,10,2.0961180899274767
5,2016,11,0.5901771214760144
6,2016,12,1.0594153997790454
