,START TIME YEAR,DISTANCE_Miles,DISTANCE_Miles,DISTANCE_Miles,DISTANCE_Miles
AGE_GROUP,,19 - 29,30 - 39,40 - 49,50 - 65
,,,,,
0,2016,70.6811411921862,45.610778686146276,62.1444325920073,109.06668092967968
