,START TIME YEAR,START TIME MONTH,TRIP DURATION
0,2016,7,15.720354406130271
1,2016,8,13.38943722943724
2,2016,9,13.277997601918461
3,2016,10,11.726490514905137
4,2016,11,10.585423365487674
5,2016,12,10.062179487179488
