,START TIME YEAR,DISTANCE_Miles,DISTANCE_Miles,DISTANCE_Miles,DISTANCE_Miles,DISTANCE_Miles
AGE_GROUP,,19 - 29,30 - 39,40 - 49,50 - 65,65+
,,,,,,
0,2016,911.9458792452449,513.6367925031591,234.36844544429914,233.21502703830635,15.636079622648762
