,START TIME YEAR,START TIME MONTH,TRIP DURATION
0,2016,6,33.87820512820513
1,2016,7,30.629454022988504
2,2016,8,13.132157676348545
3,2016,9,11.538141025641027
4,2016,10,11.024901960784309
5,2016,11,7.611296296296294
6,2016,12,7.733333333333334
