,START TIME YEAR,START TIME MONTH,DISTANCE_Miles
0,2016,6,0.7447962217316968
1,2016,7,1.0525405053909156
2,2016,8,0.9177572764307976
3,2016,9,1.019463932487931
4,2016,10,0.8722202627351707
5,2016,11,0.7524309828227814
6,2016,12,0.7396192437819032
