,START TIME YEAR,START TIME MONTH,TRIP DURATION
0,2016,7,21.1030303030303
1,2016,8,15.047368421052626
2,2016,9,12.080208333333328
3,2016,10,10.804444444444444
4,2016,11,9.733958333333335
5,2016,12,10.612318840579713
