,START TIME YEAR,START TIME MONTH,DISTANCE_Miles
0,2016,7,1.480638551210352
1,2016,8,1.372990620558169
2,2016,9,1.1199004460678494
3,2016,10,0.919412169657554
4,2016,11,0.8862598865310778
5,2016,12,0.7109203334723833
