,START TIME YEAR,START TIME MONTH,TRIP DURATION
0,2016,7,16.995880149812734
1,2016,8,13.995325203252033
2,2016,9,8.640555555555556
3,2016,10,8.428042328042327
4,2016,11,7.296540880503144
5,2016,12,8.341869918699187
