,START TIME YEAR,DISTANCE_Miles,DISTANCE_Miles,DISTANCE_Miles,DISTANCE_Miles
AGE_GROUP,,19 - 29,30 - 39,40 - 49,50 - 65
,,,,,
0,2016,103.0124484137867,94.3278241331682,34.735583488598344,4.3087373580434765
