,START TIME YEAR,START TIME MONTH,TRIP DURATION
0,2016,7,21.923015873015874
1,2016,8,22.922126436781618
2,2016,9,21.07132768361582
3,2016,10,9.293925233644863
4,2016,11,11.320155038759687
5,2016,12,7.4864197530864205
