,START TIME YEAR,DISTANCE_Miles,DISTANCE_Miles,DISTANCE_Miles,DISTANCE_Miles,DISTANCE_Miles
AGE_GROUP,,0 - 18,19 - 29,30 - 39,40 - 49,50 - 65
,,,,,,
0,2016,0.8216441110344889,90.31170163170123,246.73864664449474,45.322567441604015,43.58145339284605
