,START TIME YEAR,START TIME MONTH,TRIP DURATION
0,2016,6,180.33333333333334
1,2016,7,722.5833333333334
2,2016,8,13.927777777777782
3,2016,9,83.02982456140352
4,2016,10,123.57083333333333
5,2016,11,166.25
