,START TIME YEAR,START TIME MONTH,DISTANCE_Miles
0,2016,6,0.0
1,2016,7,0.25246222111187744
2,2016,8,0.5126171150355439
3,2016,9,0.42323615020796856
4,2016,10,5.038574315877825
5,2016,11,1.871944737092524
