,START TIME YEAR,START TIME MONTH,TRIP DURATION
0,2016,7,12.6
1,2016,8,20.44385964912281
2,2016,9,22.030303030303035
3,2016,10,35.86363636363637
