,START TIME YEAR,START TIME MONTH,DISTANCE_Miles
0,2016,7,0.9985698062299129
1,2016,8,0.8780764338871154
2,2016,9,0.7943377542400785
3,2016,10,1.6681537456213391
