,START TIME YEAR,DISTANCE_Miles,DISTANCE_Miles,DISTANCE_Miles,DISTANCE_Miles,DISTANCE_Miles
AGE_GROUP,,19 - 29,30 - 39,40 - 49,50 - 65,65+
,,,,,,
0,2015,200.34661148610073,365.01225102117746,245.50128515999725,300.209054587077,4.034421998420775
1,2016,167.65274310069893,70.42019625214562,236.55199343250138,616.6512585298835,17.985333178205963
