,START TIME YEAR,START TIME MONTH,TRIP DURATION
0,2016,8,60.76153846153847
1,2016,9,25.04313725490196
2,2016,10,78.0794117647059
3,2016,11,28.5
4,2016,12,4.833333333333333
