,START TIME YEAR,START TIME MONTH,DISTANCE_Miles
0,2016,8,0.9993400989180745
1,2016,9,0.7419446989358206
2,2016,10,1.0358053592951095
3,2016,11,1.896351570988148
4,2016,12,0.46066484224102366
