,START TIME YEAR,START TIME MONTH,TRIP DURATION
0,2016,6,37.25555555555556
1,2016,7,35.68611111111111
2,2016,8,24.724509803921563
3,2016,9,7.503846153846154
4,2016,10,7.593055555555556
5,2016,11,6.314583333333333
6,2016,12,5.4
