,START TIME YEAR,DISTANCE_Miles,DISTANCE_Miles,DISTANCE_Miles
AGE_GROUP,,19 - 29,30 - 39,40 - 49
,,,,
0,2016,16.745783030810486,9.398996097709661,8.391178974254528
