,START TIME YEAR,START TIME MONTH,DISTANCE_Miles
0,2016,7,1.0715044664069526
1,2016,8,1.4722524746686043
2,2016,9,1.0923449124527689
3,2016,10,1.0949792223223078
4,2016,11,0.9174801285228945
5,2016,12,0.7595134939460131
