,START TIME YEAR,START TIME MONTH,TRIP DURATION
0,2016,6,747.2700000000001
1,2016,7,311.44166666666666
2,2016,8,650.8166666666666
3,2016,9,27.610000000000003
4,2016,10,59.55833333333334
5,2016,11,51.53333333333333
