,START TIME YEAR,START TIME MONTH,DISTANCE_Miles
0,2016,6,3.747615382872426
1,2016,7,0.0
2,2016,8,0.0
3,2016,9,2.09194593088953
4,2016,10,0.0
5,2016,11,1.687402387746921
