,START TIME YEAR,DISTANCE_Miles,DISTANCE_Miles
AGE_GROUP,,19 - 29,30 - 39
,,,
0,2016,0.7394961893235921,2.1081141600257474
