,START TIME YEAR,START TIME MONTH,TRIP DURATION
0,2016,9,13.311580594679182
1,2016,10,12.06524822695035
2,2016,11,10.11157718120805
3,2016,12,9.034642857142856
