,START TIME YEAR,START TIME MONTH,DISTANCE_Miles
0,2016,9,1.0864536316482132
1,2016,10,1.1786890634369238
2,2016,11,1.0190189750901295
3,2016,12,0.8751506356442255
