,START TIME YEAR,START TIME MONTH,TRIP DURATION
0,2016,7,21.23830782312925
1,2016,8,19.564412698412724
2,2016,9,16.91622641509433
3,2016,10,11.2334595959596
4,2016,11,16.080297397769513
5,2016,12,7.47014652014652
