,START TIME YEAR,START TIME MONTH,DISTANCE_Miles
0,2016,7,1.4267165580360617
1,2016,8,1.4472312036612134
2,2016,9,1.2736434338615668
3,2016,10,0.9993975570825484
4,2016,11,1.1625485098296422
5,2016,12,0.635737541535591
