,START TIME YEAR,START TIME MONTH,TRIP DURATION
0,2016,8,51.75151515151516
1,2016,9,10.06
2,2016,10,10.48390804597701
3,2016,11,328.27000000000004
4,2016,12,11.430555555555557
