,START TIME YEAR,START TIME MONTH,DISTANCE_Miles
0,2016,8,0.8926194128770368
1,2016,9,0.9903231923997013
2,2016,10,1.066723790685887
3,2016,11,3.6854121369703443
4,2016,12,0.9965860581120345
