,START TIME YEAR,DISTANCE_Miles,DISTANCE_Miles,DISTANCE_Miles
AGE_GROUP,,19 - 29,30 - 39,50 - 65
,,,,
0,2016,17.28085644941681,49.846572612888174,9.820533452748537
