,START TIME YEAR,START TIME MONTH,TRIP DURATION
0,2016,6,9.776388888888889
1,2016,7,8.040277777777776
2,2016,8,7.214893617021276
3,2016,9,9.518981481481482
4,2016,10,4.63695652173913
5,2016,11,11.643939393939393
6,2016,12,9.534722222222221
