,START TIME YEAR,START TIME MONTH,DISTANCE_Miles
0,2016,6,0.5056649990149238
1,2016,7,0.6871800484098309
2,2016,8,0.5429488048716061
3,2016,9,0.7211314333354213
4,2016,10,0.5554928650122293
5,2016,11,0.5454310705154402
6,2016,12,1.0386867897937107
