,START TIME YEAR,START TIME MONTH,TRIP DURATION
0,2016,6,15.726
1,2016,7,24.814333333333334
2,2016,8,16.939120370370368
3,2016,9,66.29629629629629
4,2016,10,27.815476190476186
5,2016,11,49.45833333333332
6,2016,12,7.236111111111111
