,START TIME YEAR,START TIME MONTH,DISTANCE_Miles
0,2016,6,0.9357899156025938
1,2016,7,0.9523491356700454
2,2016,8,1.0116346385288175
3,2016,9,0.9431363657294225
4,2016,10,1.2773832890763275
5,2016,11,1.4139007233972323
6,2016,12,0.6046674697326493
