,START TIME YEAR,START TIME MONTH,TRIP DURATION
0,2016,7,14.89699074074074
1,2016,8,18.908008658008665
2,2016,9,17.29197530864198
3,2016,10,18.279601990049755
4,2016,11,17.87244897959184
5,2016,12,45.36666666666667
