,START TIME YEAR,START TIME MONTH,DISTANCE_Miles
0,2016,7,1.4964743626135653
1,2016,8,1.2291825720402645
2,2016,9,1.4487360917661962
3,2016,10,1.5020459323987074
4,2016,11,1.5627846635963345
5,2016,12,0.7463993725732778
