,START TIME YEAR,START TIME MONTH,TRIP DURATION
0,2016,7,466.0083333333333
1,2016,9,33.93333333333334
2,2016,10,102.94333333333331
3,2016,11,9.783333333333333
