,START TIME YEAR,START TIME MONTH,DISTANCE_Miles
0,2016,7,0.0
1,2016,9,0.5697510437979174
2,2016,10,1.2435477521827887
3,2016,11,1.333047894903896
