,START TIME YEAR,START TIME MONTH,TRIP DURATION
0,2016,6,26.983333333333334
1,2016,7,19.994444444444444
2,2016,8,27.3
3,2016,9,12.9
4,2016,10,26.166666666666668
5,2016,11,25.729166666666668
6,2016,12,26.516666666666666
