,START TIME YEAR,START TIME MONTH,DISTANCE_Miles
0,2016,6,0.0
1,2016,7,0.3338907356511997
2,2016,8,0.12357445428593523
3,2016,9,1.0975682513834348
4,2016,10,1.162042201159797
5,2016,11,0.9783375788017181
6,2016,12,3.2233351610018293
