,START TIME YEAR,START TIME MONTH,TRIP DURATION
0,2016,8,10.761904761904763
1,2016,9,11.245061728395061
2,2016,10,8.42888888888889
3,2016,11,11.796666666666667
4,2016,12,7.283333333333333
