,START TIME YEAR,START TIME MONTH,DISTANCE_Miles
0,2016,8,0.6544964233516432
1,2016,9,0.8120604852907883
2,2016,10,0.738719876051536
3,2016,11,0.7219938677988139
4,2016,12,0.37074206739946
