,START TIME YEAR,DISTANCE_Miles,DISTANCE_Miles,DISTANCE_Miles,DISTANCE_Miles,DISTANCE_Miles
AGE_GROUP,,19 - 29,30 - 39,40 - 49,50 - 65,65+
,,,,,,
0,2015,96.51918852768463,136.65630869875525,12.022669109588769,717.6214133117281,
1,2016,72.10499943416053,44.467320335584986,222.61219027833272,843.3540082002091,5.396430109370289
