,START TIME YEAR,START TIME MONTH,TRIP DURATION
0,2016,8,111.70714285714284
1,2016,9,21.116666666666667
2,2016,10,55.71904761904762
3,2016,11,45.55
