,START TIME YEAR,START TIME MONTH,DISTANCE_Miles
0,2016,8,1.4046134674293314
1,2016,9,1.2083914332870527
2,2016,10,2.574962060656738
3,2016,11,1.7347183023103523
