,START TIME YEAR,START TIME MONTH,TRIP DURATION
0,2016,6,31.08888888888889
1,2016,7,79.17222222222223
2,2016,8,439.30833333333334
3,2016,9,17.652380952380952
4,2016,10,45.33833333333334
5,2016,11,344.59444444444443
