,START TIME YEAR,START TIME MONTH,DISTANCE_Miles
0,2016,6,2.0489069432928457
1,2016,7,3.7212166378429736
2,2016,8,4.455647894318952
3,2016,9,0.7130342212081553
4,2016,10,1.3604130740062081
5,2016,11,3.1404462461651637
