,START TIME YEAR,DISTANCE_Miles,DISTANCE_Miles,DISTANCE_Miles
AGE_GROUP,,19 - 29,30 - 39,50 - 65
,,,,
0,2016,20.783303329550726,2.2088191373043053,1.2426199046093411
