,START TIME YEAR,START TIME MONTH,TRIP DURATION
0,2016,6,34.156060606060606
1,2016,7,122.54821428571427
2,2016,8,34.921527777777776
3,2016,9,31.99102564102564
4,2016,10,18.179166666666667
5,2016,11,21.566666666666666
