,START TIME YEAR,START TIME MONTH,DISTANCE_Miles
0,2016,6,1.4871002648867078
1,2016,7,1.580006989022078
2,2016,8,1.7985467119384595
3,2016,9,1.9224108455248046
4,2016,10,1.6792119116498758
5,2016,11,1.4077560987612996
