,START TIME YEAR,START TIME MONTH,TRIP DURATION
0,2016,7,29.42279202279202
1,2016,8,16.083908045977008
2,2016,9,22.286073059360735
3,2016,10,20.30496453900709
4,2016,11,17.191509433962267
5,2016,12,11.318666666666664
