,START TIME YEAR,START TIME MONTH,DISTANCE_Miles
0,2016,7,1.6282548907281238
1,2016,8,1.3741726985792069
2,2016,9,1.141517826809185
3,2016,10,1.3262285660937914
4,2016,11,1.203098598144784
5,2016,12,0.8202387674064098
