,START TIME YEAR,START TIME MONTH,TRIP DURATION
0,2016,7,26.75728597449905
1,2016,8,19.437220939183984
2,2016,9,15.079647749510746
3,2016,10,12.376432022084188
4,2016,11,16.32597638510446
5,2016,12,9.649019607843133
