,START TIME YEAR,DISTANCE_Miles,DISTANCE_Miles,DISTANCE_Miles,DISTANCE_Miles,DISTANCE_Miles,DISTANCE_Miles
AGE_GROUP,,0 - 18,19 - 29,30 - 39,40 - 49,50 - 65,65+
,,,,,,,
0,2016,45.96067704479296,660.474533553196,671.9379934107596,151.72945020290572,133.6737671858023,4.684467656682265
