,START TIME YEAR,START TIME MONTH,TRIP DURATION
0,2016,6,117.99444444444445
1,2016,7,26.755555555555553
2,2016,8,48.324691358024694
3,2016,9,21.27647058823529
4,2016,10,14.772222222222224
