,START TIME YEAR,DISTANCE_Miles,DISTANCE_Miles,DISTANCE_Miles,DISTANCE_Miles,DISTANCE_Miles
AGE_GROUP,,19 - 29,30 - 39,40 - 49,50 - 65,65+
,,,,,,
0,2015,65.3593215562292,86.74376845009763,3.27825123776633,4.09294160201807,50.49598500268522
1,2016,130.47893006012862,59.25762642385578,25.508400238634234,49.066547380185966,85.91189686671387
