,START TIME YEAR,START TIME MONTH,TRIP DURATION
0,2016,7,28.370206489675496
1,2016,8,17.41419270833332
2,2016,9,16.41309333333335
3,2016,10,9.243788682581782
4,2016,11,8.673389618511575
5,2016,12,9.00846994535519
