,START TIME YEAR,START TIME MONTH,DISTANCE_Miles
0,2016,7,1.1797932872519707
1,2016,8,1.4539605549284762
2,2016,9,1.061110567968693
3,2016,10,0.7603927979835291
4,2016,11,0.696048062023892
5,2016,12,0.9292362515801693
