,START TIME YEAR,DISTANCE_Miles,DISTANCE_Miles,DISTANCE_Miles,DISTANCE_Miles,DISTANCE_Miles
AGE_GROUP,,19 - 29,30 - 39,40 - 49,50 - 65,65+
,,,,,,
0,2015,47.65989326778706,5.714162687898147,7.114894400651998,1.0258482959214716,
1,2016,10.578511659259398,18.923750038224895,10.028741819150204,31.471846394404835,2.66512129173563
