,START TIME YEAR,DISTANCE_Miles,DISTANCE_Miles,DISTANCE_Miles,DISTANCE_Miles,DISTANCE_Miles
AGE_GROUP,,19 - 29,30 - 39,40 - 49,50 - 65,65+
,,,,,,
0,2013,294.695402298937,321.1388882627431,130.36569893548625,27.782731050083513,
1,2014,3549.431396426902,4629.727442621919,548.3577314073749,257.79089088863,
2,2015,2511.7773501568563,5730.27856910628,398.00532325759696,160.4489091522285,8.078446389349837
3,2016,2531.6307078988275,5141.461362116586,388.6361671012878,542.0627544215326,
