,START TIME YEAR,START TIME MONTH,TRIP DURATION
0,2016,7,18.838717948717953
1,2016,8,20.83928571428572
2,2016,9,26.662411347517732
3,2016,10,35.423333333333325
4,2016,11,41.11372549019608
5,2016,12,26.34791666666667
