,START TIME YEAR,START TIME MONTH,DISTANCE_Miles
0,2016,7,1.2699346009784194
1,2016,8,1.9666744819917799
2,2016,9,2.7070447285121464
3,2016,10,4.828099683057837
4,2016,11,3.4945210941574443
5,2016,12,3.320307461528655
