,START TIME YEAR,START TIME MONTH,TRIP DURATION
0,2016,6,4.941666666666666
1,2016,7,19.201463963963977
2,2016,8,9.223161764705884
3,2016,9,10.2018018018018
4,2016,10,20.762849872773536
5,2016,11,7.169965277777778
6,2016,12,6.020075757575757
