,START TIME YEAR,START TIME MONTH,DISTANCE_Miles
0,2016,6,0.31973646254969557
1,2016,7,0.9617450339029003
2,2016,8,0.8689996946311834
3,2016,9,0.8879758634485826
4,2016,10,0.7663577216072469
5,2016,11,0.7906892930363316
6,2016,12,0.7265135871935077
