,START TIME YEAR,START TIME MONTH,TRIP DURATION
0,2016,7,11.208333333333332
1,2016,8,17.07635135135135
2,2016,9,17.097333333333335
3,2016,10,14.869411764705873
4,2016,11,13.194632768361583
5,2016,12,14.430208333333331
