,START TIME YEAR,START TIME MONTH,DISTANCE_Miles
0,2016,7,1.113561213570191
1,2016,8,1.0647057145398189
2,2016,9,0.9844650583292966
3,2016,10,1.5104648015838218
4,2016,11,1.412195262126291
5,2016,12,1.5522025594241733
