,START TIME YEAR,START TIME MONTH,DISTANCE_Miles
0,2016,7,1.5744138028321573
1,2016,8,1.8291424232367475
2,2016,9,1.5018386732369993
3,2016,10,2.054539112053514
4,2016,11,1.2596387720172397
5,2016,12,1.1808146658852035
