,START TIME YEAR,START TIME MONTH,TRIP DURATION
0,2016,7,18.6
1,2016,8,76.23166666666665
2,2016,9,68.58888888888889
3,2016,10,31.645238095238092
