,START TIME YEAR,START TIME MONTH,DISTANCE_Miles
0,2016,7,1.8966299788948218
1,2016,8,1.9196079421575436
2,2016,9,0.0
3,2016,10,2.7231471921737938
