,START TIME YEAR,START TIME MONTH,TRIP DURATION
0,2016,7,22.666666666666668
1,2016,8,94.29999999999998
2,2016,9,158.70238095238096
3,2016,10,10.066666666666666
4,2016,11,10.516666666666667
