,START TIME YEAR,DISTANCE_Miles,DISTANCE_Miles
AGE_GROUP,,19 - 29,30 - 39
,,,
0,2016,12.24670759953254,1.1349366265998144
