,START TIME YEAR,START TIME MONTH,TRIP DURATION
0,2016,6,23.482692307692314
1,2016,7,22.560247872733985
2,2016,8,17.4992277992278
3,2016,9,19.030275095112685
4,2016,10,13.134458290065755
5,2016,11,13.08847262247841
6,2016,12,9.591435185185189
