,START TIME YEAR,START TIME MONTH,DISTANCE_Miles
0,2016,6,2.2880643351081256
1,2016,7,1.460198598358329
2,2016,8,1.3460766747779833
3,2016,9,1.2554779087330197
4,2016,10,1.1006423525334696
5,2016,11,1.077804337893945
6,2016,12,1.0273854907529945
