,START TIME YEAR,START TIME MONTH,DISTANCE_Miles
0,2016,7,1.5239717455893829
1,2016,8,1.169833949812368
2,2016,9,1.615031651461434
3,2016,10,1.9816688953116879
4,2016,11,1.7367187270095592
5,2016,12,0.9213610958852417
