,START TIME YEAR,START TIME MONTH,TRIP DURATION
0,2016,6,140.14444444444445
1,2016,7,9.276666666666667
2,2016,8,27.955555555555552
3,2016,9,57.30416666666666
4,2016,10,23.25
5,2016,11,21.6
