,START TIME YEAR,DISTANCE_Miles,DISTANCE_Miles,DISTANCE_Miles
AGE_GROUP,,19 - 29,30 - 39,40 - 49
,,,,
0,2016,11.322437814586662,2.781709524618661,6.595449980958891
