,START TIME YEAR,START TIME MONTH,TRIP DURATION
0,2016,6,25.561458333333334
1,2016,7,33.16470588235294
2,2016,8,46.21666666666666
3,2016,9,26.47888888888889
4,2016,10,89.43809523809523
5,2016,11,19.846666666666668
