,START TIME YEAR,START TIME MONTH,TRIP DURATION
0,2016,6,25.34583333333333
1,2016,7,26.29541284403669
2,2016,8,19.42034050179211
3,2016,9,19.938983050847458
4,2016,10,16.303445065176902
5,2016,11,11.494312169312172
6,2016,12,9.392777777777782
