,START TIME YEAR,DISTANCE_Miles,DISTANCE_Miles,DISTANCE_Miles,DISTANCE_Miles,DISTANCE_Miles
AGE_GROUP,,0 - 18,19 - 29,30 - 39,40 - 49,50 - 65
,,,,,,
0,2016,42.80502420078582,193.25655017888835,152.06603921016003,171.73899349148286,123.43555694284608
