,START TIME YEAR,START TIME MONTH,TRIP DURATION
0,2016,7,15.192473118279572
1,2016,8,26.255119047619054
2,2016,9,24.780081300813002
3,2016,10,51.974593495934975
4,2016,11,24.38
5,2016,12,14.058333333333332
