,START TIME YEAR,DISTANCE_Miles,DISTANCE_Miles,DISTANCE_Miles,DISTANCE_Miles,DISTANCE_Miles
AGE_GROUP,,19 - 29,30 - 39,40 - 49,50 - 65,65+
,,,,,,
0,2016,168.33563642586503,411.7593243674946,293.93897196237225,41.04651522859449,5.447633315317091
