,START TIME YEAR,START TIME MONTH,TRIP DURATION
0,2016,7,29.26100358422937
1,2016,8,23.656446540880502
2,2016,9,20.693548387096758
3,2016,10,11.963098591549285
4,2016,11,14.015397805212615
5,2016,12,6.396774193548387
