,START TIME YEAR,START TIME MONTH,DISTANCE_Miles
0,2016,7,1.0773406888288546
1,2016,8,1.2852582139043747
2,2016,9,0.9947000073087612
3,2016,10,0.6918916420213964
4,2016,11,0.7456412460319765
5,2016,12,0.5845466832177676
