,START TIME YEAR,DISTANCE_Miles,DISTANCE_Miles,DISTANCE_Miles,DISTANCE_Miles,DISTANCE_Miles
AGE_GROUP,,0 - 18,19 - 29,30 - 39,40 - 49,50 - 65
,,,,,,
0,2016,166.82677486996275,601.6584898173421,332.40715756904916,111.73959758352976,107.38550550050498
