,START TIME YEAR,START TIME MONTH,TRIP DURATION
0,2016,9,11.934444444444441
1,2016,10,16.277064220183487
2,2016,11,13.09780701754386
3,2016,12,11.810833333333333
