,START TIME YEAR,START TIME MONTH,DISTANCE_Miles
0,2016,9,1.202439690765322
1,2016,10,1.464006202063249
2,2016,11,1.4902762276258468
3,2016,12,1.1580740336229747
