,START TIME YEAR,START TIME MONTH,TRIP DURATION
0,2016,6,11.55
1,2016,7,15.147670250896065
2,2016,8,13.010337552742605
3,2016,9,10.393711656441717
4,2016,10,11.602666666666668
5,2016,11,7.8970125786163505
6,2016,12,9.095679012345682
