,START TIME YEAR,START TIME MONTH,TRIP DURATION
0,2016,6,32.64803921568628
1,2016,7,15.400104166666669
2,2016,8,17.740432098765424
3,2016,9,19.876915708812266
4,2016,10,10.80688888888889
5,2016,11,8.143965517241378
6,2016,12,7.564619883040935
