,START TIME YEAR,DISTANCE_Miles,DISTANCE_Miles,DISTANCE_Miles,DISTANCE_Miles,DISTANCE_Miles,DISTANCE_Miles
AGE_GROUP,,0 - 18,19 - 29,30 - 39,40 - 49,50 - 65,65+
,,,,,,,
0,2016,13.718185527793665,166.2027552301669,106.21421970836928,424.5706803905315,56.72053026365798,13.239645370024615
