,START TIME YEAR,DISTANCE_Miles,DISTANCE_Miles,DISTANCE_Miles,DISTANCE_Miles,DISTANCE_Miles
AGE_GROUP,,19 - 29,30 - 39,40 - 49,50 - 65,65+
,,,,,,
0,2015,67.55982500509799,39.99981419170391,106.08448963856203,8.051825284284561,
1,2016,84.03189114337397,61.021498634013774,41.662427918362866,41.276175889817075,2.0138121904822297
