,START TIME YEAR,START TIME MONTH,TRIP DURATION
0,2016,7,26.566666666666666
1,2016,8,22.034722222222225
2,2016,9,28.39666666666667
3,2016,10,60.627272727272725
4,2016,11,37.71666666666667
