,START TIME YEAR,START TIME MONTH,DISTANCE_Miles
0,2016,7,0.5435002478666819
1,2016,8,0.39462252768263695
2,2016,9,1.783423959225067
3,2016,10,3.0566968425936096
4,2016,11,4.674525440465087
