,START TIME YEAR,START TIME MONTH,TRIP DURATION
0,2016,8,22.55
1,2016,9,26.133333333333333
2,2016,10,6.6
3,2016,11,4.711111111111111
4,2016,12,4.833333333333333
