,START TIME YEAR,START TIME MONTH,DISTANCE_Miles
0,2016,8,2.013525691459003
1,2016,9,0.5295049562275063
2,2016,10,0.578483047259324
3,2016,11,0.4606648422410237
4,2016,12,0.46066484224102366
