,START TIME YEAR,START TIME MONTH,TRIP DURATION
0,2016,6,20.842592592592595
1,2016,7,78.9671568627451
2,2016,8,48.53231292517007
3,2016,9,18.933333333333337
4,2016,10,11.870833333333334
5,2016,11,18.258333333333333
