,START TIME YEAR,START TIME MONTH,TRIP DURATION
0,2016,6,38.75
1,2016,7,22.452380952380945
2,2016,8,25.85
3,2016,9,50.58333333333333
4,2016,10,61.89722222222222
