,START TIME YEAR,START TIME MONTH,DISTANCE_Miles
0,2016,6,2.825766560697181
1,2016,7,1.2426368577878297
2,2016,8,2.3896669295497213
3,2016,9,2.408100336850184
4,2016,10,1.6197423266683149
