,START TIME YEAR,START TIME MONTH,TRIP DURATION
0,2016,6,98.53333333333333
1,2016,7,123.37619047619049
2,2016,8,8.791333333333334
3,2016,9,10.46833333333333
4,2016,10,26.96666666666667
5,2016,11,27.083333333333332
