,START TIME YEAR,DISTANCE_Miles,DISTANCE_Miles
AGE_GROUP,,19 - 29,50 - 65
,,,
0,2016,39.99960457328459,12.561513417069511
