,START TIME YEAR,START TIME MONTH,TRIP DURATION
0,2016,7,21.8001100110011
1,2016,8,15.05475555555556
2,2016,9,13.928863134657826
3,2016,10,16.052015250544677
4,2016,11,11.144047619047615
5,2016,12,6.282489451476793
