,START TIME YEAR,START TIME MONTH,DISTANCE_Miles
0,2016,7,0.7079197971358702
1,2016,8,0.8385884758482047
2,2016,9,0.6870747006349976
3,2016,10,0.8505004600863344
4,2016,11,0.7170021311102242
5,2016,12,0.5504001546739121
