,START TIME YEAR,START TIME MONTH,TRIP DURATION
0,2016,8,134.38
1,2016,9,6.711904761904762
2,2016,11,22.283333333333335
