,START TIME YEAR,START TIME MONTH,DISTANCE_Miles
0,2016,8,2.0753915480327816
1,2016,9,0.6537624831526475
2,2016,11,0.0
