,START TIME YEAR,DISTANCE_Miles,DISTANCE_Miles
AGE_GROUP,,40 - 49,50 - 65
,,,
0,2016,0.9883096233066493,2.0758428874684967
